Part Description,Num Reqd,Currency,Cost ex VAT each,Total cost incl VAT,Supplier 1,Supplier 2,Item Web Address
,,,,,,,
PrimaryChainDrive Orange 82L,2,,n/a,n/a,,,
Wheel shaft 64T to sprocket 10T_02 chain yellow 138L,2,,n/a,n/a,,,
Upper wheel 32T chain drive Green 60L,2,,n/a,n/a,,,
,,,,,,,
sprocket_16T_01 Orange 16T,4,£,7.85,9.42,Simply Bearings,,https://www.simplybearings.co.uk/products/pw-s-08b-16
sprocket 15T tensioners Orange Yellow 15T,6,£,7.63,9.16,Simply Bearings,,https://www.simplybearings.co.uk/products/pw-s-08b-15
,,,,,,,
wheel_shaft_sprocket_64T Yellow 64T 08B,2,£,35.11,84.264,Simply Bearings,,https://www.simplybearings.co.uk/products/pw-s-08b-64
sprocket_10T_02 Yellow 10T 08B,2,£,6.21,14.904,Simply Bearings,,https://www.simplybearings.co.uk/products/pw-s-08b-10
,,,,,,,
wheel shaft sprocket 32T 01 Green 32T 08B,4,£,14.95,71.76,Simply Bearings,,https://www.simplybearings.co.uk/products/pw-s-08b-32
upper wheel tensioner 12T 01 Green 12 T 08B,2,£,6.37,15.288,Simply Bearings,,https://www.simplybearings.co.uk/products/pw-s-08b-12
,,,,,,,
"SKU: 08B-1-5MTR-MB 
Branded 08B-1 BS Simplex Roller Chain 1/2 inch Pitch
5 Meters, 394 L",2,£,27.2,65.28,Simply Bearings,,https://www.simplybearings.co.uk/products/08b-1-5mtr-mb
,,,,,,,
,,,,,,,
SRB45/2-20 15/30 Tooth Metric En8 Steel Bevel Gear Set 2:1 Ratio 4.5 MOD 20deg Pressure Angle,1,£,232.94,279.53,Simply Bearings,,https://www.simplybearings.co.uk/products/srb45-2-20-15-30-tran
SRB35/2 16/32 Tooth Metric En8 Steel Bevel Gear Set 2:1 Ratio 3.5 MOD 20deg Pressure Angle,1,£,146.59,175.91,Simply Bearings,,https://www.simplybearings.co.uk/products/srb35-2-16-32-tran
SRB30/2 16/32 Tooth Metric En8 Steel Bevel Gear Set 2:1 Ratio 3.0 MOD 20deg Pressure Angle,1,£,126.51,151.81,Simply Bearings,,https://www.simplybearings.co.uk/products/srb30-2-16-32-tran
,,,,,,,
Wilwood 0.750 inch Integral Brake/Clutch Master Cylinder – RD3621 260-1304,2,£,42.43,,Rally Design,,https://www.ebay.co.uk/itm/232571162100
Wilwood Pull Type Clutch Slave Master Cylinder – 260-1333,2,£,86.99,,Rally Design,,https://www.ebay.co.uk/itm/331572254785
